IP Address,Datetime,ID,Shape
50.250.181.60,Wed Dec 04 2019 15:12:27 GMT-0800 (Pacific Standard Time),1575501147660,"{""type"":""Feature"",""properties"":{""Datetime"":""2019-12-04T23:12:27.660Z"",""ID"":1575501147660,""Drawing Type"":""CompleteStreets"",""Is this an existing or proposed bikeway?"":""Proposed"",""Comments"":""Lighted crosswalk for pedestrian safety"",""Commenter Name"":""Michael Renfrow"",""Commenter Jurisdiction"":""Oakdale""},""geometry"":{""type"":""LineString"",""coordinates"":[[-120.84423,37.769382],[-120.844156,37.769282]]}}"
50.250.181.60,Wed Dec 04 2019 15:14:39 GMT-0800 (Pacific Standard Time),1575501279823,"{""type"":""Feature"",""properties"":{""Datetime"":""2019-12-04T23:14:39.823Z"",""ID"":1575501279823,""Drawing Type"":""CompleteStreets"",""Is this an existing or proposed bikeway?"":""Proposed"",""Comments"":""New sidewalk"",""Commenter Name"":""Michael Renfrow"",""Commenter Jurisdiction"":""Oakdale""},""geometry"":{""type"":""LineString"",""coordinates"":[[-120.840866,37.767798],[-120.840331,37.768035],[-120.835298,37.768042],[-120.834821,37.768073],[-120.834263,37.768191],[-120.833545,37.768456]]}}"
50.250.181.60,Wed Dec 04 2019 15:15:12 GMT-0800 (Pacific Standard Time),1575501312830,"{""type"":""Feature"",""properties"":{""Datetime"":""2019-12-04T23:15:12.830Z"",""ID"":1575501312830,""Drawing Type"":""CompleteStreets"",""Is this an existing or proposed bikeway?"":""Proposed"",""Comments"":""New sidewalk"",""Commenter Name"":""Michael Renfrow"",""Commenter Jurisdiction"":""Oakdale""},""geometry"":{""type"":""LineString"",""coordinates"":[[-120.839485,37.767928],[-120.836678,37.767942]]}}"
50.250.181.60,Wed Dec 04 2019 15:16:47 GMT-0800 (Pacific Standard Time),1575501407663,"{""type"":""Feature"",""properties"":{""Datetime"":""2019-12-04T23:16:47.663Z"",""ID"":1575501407663,""Drawing Type"":""CompleteStreets"",""Is this an existing or proposed bikeway?"":""Proposed"",""Comments"":""New sidewalk"",""Commenter Name"":""Michael Renfrow"",""Commenter Jurisdiction"":""Oakdale""},""geometry"":{""type"":""LineString"",""coordinates"":[[-120.853441,37.77137],[-120.852697,37.771662]]}}"
50.250.181.60,Wed Dec 04 2019 15:17:35 GMT-0800 (Pacific Standard Time),1575501455595,"{""type"":""Feature"",""properties"":{""Datetime"":""2019-12-04T23:17:35.595Z"",""ID"":1575501455595,""Drawing Type"":""CompleteStreets"",""Is this an existing or proposed bikeway?"":""Proposed"",""Comments"":""New sidewalk"",""Commenter Name"":""Michael Renfrow"",""Commenter Jurisdiction"":""Oakdale""},""geometry"":{""type"":""LineString"",""coordinates"":[[-120.854388,37.769591],[-120.853672,37.769889]]}}"
50.250.181.60,Wed Dec 04 2019 15:18:37 GMT-0800 (Pacific Standard Time),1575501517115,"{""type"":""Feature"",""properties"":{""Datetime"":""2019-12-04T23:18:37.115Z"",""ID"":1575501517115,""Drawing Type"":""CompleteStreets"",""Is this an existing or proposed bikeway?"":""Proposed"",""Comments"":""New sidewalk"",""Commenter Name"":""Michael Renfrow"",""Commenter Jurisdiction"":""Oakdale""},""geometry"":{""type"":""LineString"",""coordinates"":[[-120.86052,37.761658],[-120.860184,37.761657],[-120.860174,37.761101]]}}"
50.250.181.60,Wed Dec 04 2019 15:19:35 GMT-0800 (Pacific Standard Time),1575501575097,"{""type"":""Feature"",""properties"":{""Datetime"":""2019-12-04T23:19:35.097Z"",""ID"":1575501575097,""Drawing Type"":""CompleteStreets"",""Is this an existing or proposed bikeway?"":""Proposed"",""Comments"":""New Sidewalk"",""Commenter Name"":""Michael Renfrow"",""Commenter Jurisdiction"":""Oakdale""},""geometry"":{""type"":""LineString"",""coordinates"":[[-120.862258,37.763379],[-120.862275,37.763619],[-120.862802,37.763623]]}}"
50.250.181.60,Wed Dec 04 2019 15:19:57 GMT-0800 (Pacific Standard Time),1575501597248,"{""type"":""Feature"",""properties"":{""Datetime"":""2019-12-04T23:19:57.248Z"",""ID"":1575501597248,""Drawing Type"":""CompleteStreets"",""Is this an existing or proposed bikeway?"":""Proposed"",""Comments"":""New sidewalk"",""Commenter Name"":""Michael Renfrow"",""Commenter Jurisdiction"":""Oakdale""},""geometry"":{""type"":""LineString"",""coordinates"":[[-120.862275,37.763745],[-120.86297,37.763758]]}}"
50.250.181.60,Wed Dec 04 2019 15:20:48 GMT-0800 (Pacific Standard Time),1575501648379,"{""type"":""Feature"",""properties"":{""Datetime"":""2019-12-04T23:20:48.379Z"",""ID"":1575501648379,""Drawing Type"":""CompleteStreets"",""Is this an existing or proposed bikeway?"":""Proposed"",""Comments"":""New sidewalk"",""Commenter Name"":""Michael Renfrow"",""Commenter Jurisdiction"":""Oakdale""},""geometry"":{""type"":""LineString"",""coordinates"":[[-120.861941,37.763749],[-120.862163,37.763744],[-120.862178,37.763903]]}}"
50.250.181.60,Wed Dec 04 2019 15:22:19 GMT-0800 (Pacific Standard Time),1575501739197,"{""type"":""Feature"",""properties"":{""Datetime"":""2019-12-04T23:22:19.197Z"",""ID"":1575501739197,""Drawing Type"":""CompleteStreets"",""Is this an existing or proposed bikeway?"":""Proposed"",""Comments"":""New handicap ramps"",""Commenter Name"":""Michael Renfrow"",""Commenter Jurisdiction"":""Oakdale""},""geometry"":{""type"":""LineString"",""coordinates"":[[-120.848947,37.773225],[-120.847196,37.773935],[-120.846057,37.774463],[-120.840307,37.776842],[-120.84029,37.777072],[-120.846727,37.774373],[-120.849119,37.773374],[-120.848958,37.773238]]}}"
50.250.181.60,Wed Dec 04 2019 15:23:17 GMT-0800 (Pacific Standard Time),1575501797127,"{""type"":""Feature"",""properties"":{""Datetime"":""2019-12-04T23:23:17.127Z"",""ID"":1575501797127,""Drawing Type"":""CompleteStreets"",""Is this an existing or proposed bikeway?"":""Proposed"",""Comments"":""New handicap ramps"",""Commenter Name"":""Michael Renfrow"",""Commenter Jurisdiction"":""Oakdale""},""geometry"":{""type"":""LineString"",""coordinates"":[[-120.848367,37.760026],[-120.843761,37.76193],[-120.843852,37.762088],[-120.848476,37.760184],[-120.848384,37.760026]]}}"
50.250.181.60,Wed Dec 04 2019 15:24:37 GMT-0800 (Pacific Standard Time),1575501877582,"{""type"":""Feature"",""properties"":{""Datetime"":""2019-12-04T23:24:37.582Z"",""ID"":1575501877582,""Drawing Type"":""CompleteStreets"",""Is this an existing or proposed bikeway?"":""Proposed"",""Comments"":""New handicap ramps, safe routes to high school"",""Commenter Name"":""Michael Renfrow"",""Commenter Jurisdiction"":""Oakdale""},""geometry"":{""type"":""LineString"",""coordinates"":[[-120.857917,37.757935],[-120.859479,37.760255],[-120.855972,37.761793],[-120.855829,37.761576],[-120.856984,37.761128],[-120.856401,37.760174],[-120.858529,37.759288],[-120.85774,37.758035],[-120.857877,37.757944]]}}"
50.250.181.60,Wed Dec 04 2019 15:27:42 GMT-0800 (Pacific Standard Time),1575502062177,"{""type"":""Feature"",""properties"":{""Datetime"":""2019-12-04T23:27:42.177Z"",""ID"":1575502062177,""Drawing Type"":""CompleteStreets"",""Is this an existing or proposed bikeway?"":""Proposed"",""Comments"":""New handicap ramps"",""Commenter Name"":""Michael Renfrow"",""Commenter Jurisdiction"":""Oakdale""},""geometry"":{""type"":""LineString"",""coordinates"":[[-120.847318,37.765141],[-120.845642,37.762591],[-120.845379,37.762727],[-120.847124,37.765263],[-120.847381,37.765141]]}}"
50.250.181.60,Wed Dec 04 2019 15:29:10 GMT-0800 (Pacific Standard Time),1575502150201,"{""type"":""Feature"",""properties"":{""Datetime"":""2019-12-04T23:29:10.201Z"",""ID"":1575502150201,""Drawing Type"":""CompleteStreets"",""Is this an existing or proposed bikeway?"":""Proposed"",""Comments"":""New handicap ramps"",""Commenter Name"":""Michael Renfrow"",""Commenter Jurisdiction"":""Oakdale""},""geometry"":{""type"":""LineString"",""coordinates"":[[-120.860569,37.763763],[-120.85547,37.763732],[-120.855476,37.763587],[-120.860563,37.76356],[-120.860574,37.763763]]}}"
50.250.181.60,Wed Dec 04 2019 15:29:56 GMT-0800 (Pacific Standard Time),1575502196614,"{""type"":""Feature"",""properties"":{""Datetime"":""2019-12-04T23:29:56.614Z"",""ID"":1575502196614,""Drawing Type"":""CompleteStreets"",""Is this an existing or proposed bikeway?"":""Proposed"",""Comments"":""New handicap ramps"",""Commenter Name"":""Michael Renfrow"",""Commenter Jurisdiction"":""Oakdale""},""geometry"":{""type"":""LineString"",""coordinates"":[[-120.851807,37.766224],[-120.85294,37.765732],[-120.853987,37.765551],[-120.860499,37.765573],[-120.860499,37.765325],[-120.853987,37.765347],[-120.852734,37.7656],[-120.850211,37.766659],[-120.850405,37.766876],[-120.851807,37.766265]]}}"
50.250.181.60,Wed Dec 04 2019 15:31:36 GMT-0800 (Pacific Standard Time),1575502296996,"{""type"":""Feature"",""properties"":{""Datetime"":""2019-12-04T23:31:36.996Z"",""ID"":1575502296996,""Drawing Type"":""CompleteStreets"",""Is this an existing or proposed bikeway?"":""Proposed"",""Comments"":""Curb, gutter, sidewalks and handicap ramps"",""Commenter Name"":""Michael Renfrow"",""Commenter Jurisdiction"":""Oakdale""},""geometry"":{""type"":""LineString"",""coordinates"":[[-120.87411,37.756144],[-120.874115,37.758695],[-120.874356,37.758699],[-120.874362,37.756049],[-120.874093,37.75614]]}}"
50.250.181.60,Wed Dec 04 2019 15:32:18 GMT-0800 (Pacific Standard Time),1575502338186,"{""type"":""Feature"",""properties"":{""Datetime"":""2019-12-04T23:32:18.186Z"",""ID"":1575502338186,""Drawing Type"":""CompleteStreets"",""Is this an existing or proposed bikeway?"":""Proposed"",""Comments"":""New sidewalk"",""Commenter Name"":""Michael Renfrow"",""Commenter Jurisdiction"":""Oakdale""},""geometry"":{""type"":""LineString"",""coordinates"":[[-120.871535,37.761896],[-120.881623,37.761951]]}}"
12.183.163.194,Mon Dec 09 2019 16:55:23 GMT-0800 (Pacific Standard Time),1575939323131,"{""type"":""Feature"",""properties"":{""Datetime"":""2019-12-10T00:55:23.131Z"",""ID"":1575939323131,""Drawing Type"":""Bikeway"",""Is this an existing or proposed bikeway?"":""Existing"",""What kind of bikeway should this route be?"":""Class II Bicycle Lane"",""Comments"":""Improvements are a part of a recently completed CMAQ Project."",""Commenter Name"":""Danny Reed Jr."",""Commenter Jurisdiction"":""City of Newman""},""geometry"":{""type"":""LineString"",""coordinates"":[[-121.002045,37.322991],[-121.008031,37.317402]]}}"
12.183.163.194,Mon Dec 09 2019 16:57:21 GMT-0800 (Pacific Standard Time),1575939441091,"{""type"":""Feature"",""properties"":{""Datetime"":""2019-12-10T00:57:21.091Z"",""ID"":1575939441091,""Drawing Type"":""Bikeway"",""Is this an existing or proposed bikeway?"":""Existing"",""What kind of bikeway should this route be?"":""Class II Bicycle Lane"",""Comments"":""Improvements are part of a recent completed CMAQ Project."",""Commenter Name"":""Danny Reed Jr."",""Commenter Jurisdiction"":""City of Newman""},""geometry"":{""type"":""LineString"",""coordinates"":[[-121.01331,37.315499],[-121.017585,37.314437]]}}"
12.183.163.194,Mon Dec 09 2019 16:59:13 GMT-0800 (Pacific Standard Time),1575939553747,"{""type"":""Feature"",""properties"":{""Datetime"":""2019-12-10T00:59:13.747Z"",""ID"":1575939553747,""Drawing Type"":""Bikeway"",""Is this an existing or proposed bikeway?"":""Existing"",""What kind of bikeway should this route be?"":""Class III Bicycle Route"",""Comments"":""Improvements are a part of a recently completed CMAQ project."",""Commenter Name"":""Danny Reed Jr."",""Commenter Jurisdiction"":""Newman""},""geometry"":{""type"":""LineString"",""coordinates"":[[-121.030203,37.311194],[-121.030176,37.311322],[-121.028529,37.311758]]}}"
12.183.163.194,Mon Dec 09 2019 17:00:54 GMT-0800 (Pacific Standard Time),1575939654404,"{""type"":""Feature"",""properties"":{""Datetime"":""2019-12-10T01:00:54.404Z"",""ID"":1575939654404,""Drawing Type"":""Bikeway"",""Is this an existing or proposed bikeway?"":""Existing"",""What kind of bikeway should this route be?"":""Class II Bicycle Lane"",""Comments"":""Improvements recently completed as part of a CMAQ project."",""Commenter Name"":""Danny Reed Jr."",""Commenter Jurisdiction"":""City of Newman""},""geometry"":{""type"":""LineString"",""coordinates"":[[-121.028475,37.311758],[-121.023234,37.313063]]}}"
12.183.163.194,Mon Dec 09 2019 17:02:48 GMT-0800 (Pacific Standard Time),1575939768979,"{""type"":""Feature"",""properties"":{""Datetime"":""2019-12-10T01:02:48.979Z"",""ID"":1575939768979,""Drawing Type"":""Bikeway"",""Is this an existing or proposed bikeway?"":""Existing"",""What kind of bikeway should this route be?"":""Class III Bicycle Route"",""Comments"":""Improvements part of a recently completed CMAQ Project"",""Commenter Name"":""Danny Reed Jr. "",""Commenter Jurisdiction"":""City of Newman""},""geometry"":{""type"":""LineString"",""coordinates"":[[-121.02318,37.313072],[-121.017634,37.314433]]}}"
12.183.163.194,Mon Dec 09 2019 17:04:10 GMT-0800 (Pacific Standard Time),1575939850539,"{""type"":""Feature"",""properties"":{""Datetime"":""2019-12-10T01:04:10.539Z"",""ID"":1575939850539,""Drawing Type"":""Bikeway"",""Is this an existing or proposed bikeway?"":""Existing"",""What kind of bikeway should this route be?"":""Class II Bicycle Lane"",""Comments"":"""",""Commenter Name"":""Danny Reed Jr."",""Commenter Jurisdiction"":""City of Newman""},""geometry"":{""type"":""LineString"",""coordinates"":[[-121.028309,37.311216],[-121.031034,37.318332]]}}"
12.183.163.194,Mon Dec 09 2019 17:05:51 GMT-0800 (Pacific Standard Time),1575939951179,"{""type"":""Feature"",""properties"":{""Datetime"":""2019-12-10T01:05:51.179Z"",""ID"":1575939951179,""Drawing Type"":""Bikeway"",""Is this an existing or proposed bikeway?"":""Existing"",""What kind of bikeway should this route be?"":""Class II Bicycle Lane"",""Comments"":"""",""Commenter Name"":""Danny Reed Jr."",""Commenter Jurisdiction"":""City of Newman""},""geometry"":{""type"":""LineString"",""coordinates"":[[-121.031034,37.318349],[-121.029596,37.318341]]}}"
216.84.202.138,Tue Dec 10 2019 10:25:27 GMT-0800 (Pacific Standard Time),1576002327719,"{""type"":""Feature"",""properties"":{""Datetime"":""2019-12-10T18:25:27.719Z"",""ID"":1576002327719,""Drawing Type"":""Bikeway"",""Is this an existing or proposed bikeway?"":""Proposed"",""What kind of bikeway should this route be?"":""Class III Bicycle Route"",""Comments"":""ADD CLASS 3 BETWEEN YOSEMITE AND WASHBURN"",""Commenter Name"":""LONNIE STATZER"",""Commenter Jurisdiction"":""City of Waterford""},""geometry"":{""type"":""LineString"",""coordinates"":[[-120.767112,37.638443],[-120.767255,37.644945]]}}"
216.84.202.138,Tue Dec 10 2019 10:36:58 GMT-0800 (Pacific Standard Time),1576003018329,"{""type"":""Feature"",""properties"":{""Datetime"":""2019-12-10T18:36:58.329Z"",""ID"":1576003018329,""Drawing Type"":""Bikeway"",""Is this an existing or proposed bikeway?"":""Proposed"",""What kind of bikeway should this route be?"":""Class I Multi-Use Path"",""Comments"":""Add class 1 bike facility on canal bank from Tim Bell to Kadota. Also Please delete the class 1 bike facility shown on Western, Washburn and Stein. These are fully built out streets with no room for a class 1 bike facility.   "",""Commenter Name"":""Mike Pitcock"",""Commenter Jurisdiction"":""City of Waterford""},""geometry"":{""type"":""LineString"",""coordinates"":[[-120.755775,37.646689],[-120.764186,37.646706],[-120.767341,37.645517],[-120.772104,37.645432],[-120.772254,37.645177],[-120.772319,37.643597]]}}"
216.84.202.138,Tue Dec 10 2019 10:41:25 GMT-0800 (Pacific Standard Time),1576003285260,"{""type"":""Feature"",""properties"":{""Datetime"":""2019-12-10T18:41:25.260Z"",""ID"":1576003285260,""Drawing Type"":""Bikeway"",""Is this an existing or proposed bikeway?"":""Proposed"",""What kind of bikeway should this route be?"":""Class III Bicycle Route"",""Comments"":""Please make a correction for us. We would like to have a class III bike lane go from Yosemite North to F street"",""Commenter Name"":""Lonnie Statzer"",""Commenter Jurisdiction"":""City of Waterford""},""geometry"":{""type"":""LineString"",""coordinates"":[[-120.767112,37.638466],[-120.767169,37.645625],[-120.766768,37.645874]]}}"
12.183.163.194,Tue Dec 10 2019 12:19:38 GMT-0800 (Pacific Standard Time),1576009178398,"{""type"":""Feature"",""properties"":{""Datetime"":""2019-12-10T20:19:38.398Z"",""ID"":1576009178398,""Drawing Type"":""Bikeway"",""Is this an existing or proposed bikeway?"":""Existing"",""What kind of bikeway should this route be?"":""Class III Bicycle Route"",""Comments"":""Improvements were recently completed as part of a Measure L project."",""Commenter Name"":""Danny Reed Jr."",""Commenter Jurisdiction"":""City of Newman""},""geometry"":{""type"":""LineString"",""coordinates"":[[-121.029607,37.318332],[-121.026903,37.319023]]}}"
12.183.163.194,Tue Dec 10 2019 12:21:03 GMT-0800 (Pacific Standard Time),1576009263417,"{""type"":""Feature"",""properties"":{""Datetime"":""2019-12-10T20:21:03.417Z"",""ID"":1576009263417,""Drawing Type"":""Bikeway"",""Is this an existing or proposed bikeway?"":""Existing"",""What kind of bikeway should this route be?"":""Class II Bicycle Lane"",""Comments"":""Improvements recently constructed as part of a Measure L project."",""Commenter Name"":""Danny Reed Jr."",""Commenter Jurisdiction"":""City of Newman""},""geometry"":{""type"":""LineString"",""coordinates"":[[-121.026893,37.319023],[-121.023084,37.319962]]}}"
12.183.163.194,Tue Dec 10 2019 12:24:16 GMT-0800 (Pacific Standard Time),1576009456082,"{""type"":""Feature"",""properties"":{""Datetime"":""2019-12-10T20:24:16.082Z"",""ID"":1576009456082,""Drawing Type"":""Bikeway"",""Is this an existing or proposed bikeway?"":""Existing"",""What kind of bikeway should this route be?"":""Class II Bicycle Lane"",""Comments"":""Improvements recently constructed as part of a Measure L project.\nBike Lan only exists on the North bound side of the road."",""Commenter Name"":""Danny Reed Jr."",""Commenter Jurisdiction"":""City of Newman""},""geometry"":{""type"":""LineString"",""coordinates"":[[-121.030991,37.309274],[-121.030991,37.311147]]}}"
216.162.171.2,Tue Dec 10 2019 14:57:11 GMT-0800 (Pacific Standard Time),1576018631773,"{""type"":""Feature"",""properties"":{""Datetime"":""2019-12-10T22:57:11.773Z"",""ID"":1576018631773,""Drawing Type"":""Bikeway"",""Is this an existing or proposed bikeway?"":""Existing"",""What kind of bikeway should this route be?"":""Class II Buffered Bicycle Lane"",""Comments"":"""",""Commenter Name"":""Randall Jones"",""Commenter Jurisdiction"":""City of Turlock""},""geometry"":{""type"":""LineString"",""coordinates"":[[-120.885358,37.529366],[-120.826306,37.52906]]}}"
216.162.171.2,Tue Dec 10 2019 14:57:46 GMT-0800 (Pacific Standard Time),1576018666443,"{""type"":""Feature"",""properties"":{""Datetime"":""2019-12-10T22:57:46.443Z"",""ID"":1576018666443,""Drawing Type"":""Bikeway"",""What kind of bikeway should this route be?"":""Class I Multi-Use Path"",""Comments"":"""",""Commenter Name"":""Randall Jones"",""Commenter Jurisdiction"":""Turlock""},""geometry"":{""type"":""LineString"",""coordinates"":[[-120.884907,37.536683],[-120.855982,37.536615],[-120.836155,37.536427],[-120.826306,37.536462]]}}"
216.162.171.2,Tue Dec 10 2019 14:58:29 GMT-0800 (Pacific Standard Time),1576018709756,"{""type"":""Feature"",""properties"":{""Datetime"":""2019-12-10T22:58:29.756Z"",""ID"":1576018709756,""Drawing Type"":""Bikeway"",""What kind of bikeway should this route be?"":""Class I Multi-Use Path"",""Comments"":"""",""Commenter Name"":""Randall Jones"",""Commenter Jurisdiction"":""Turlock""},""geometry"":{""type"":""LineString"",""coordinates"":[[-120.837765,37.500432],[-120.816736,37.500312]]}}"
12.183.163.194,Wed Dec 11 2019 09:20:20 GMT-0800 (Pacific Standard Time),1576084820655,"{""type"":""Feature"",""properties"":{""Datetime"":""2019-12-11T17:20:20.655Z"",""ID"":1576084820655,""Drawing Type"":""Bikeway"",""Is this an existing or proposed bikeway?"":""Existing"",""What kind of bikeway should this route be?"":""Class II Bicycle Lane"",""Comments"":""Class II Bike Lane exists on the East side of Upper Road. "",""Commenter Name"":""Danny Reed Jr."",""Commenter Jurisdiction"":""City of Newman""},""geometry"":{""type"":""LineString"",""coordinates"":[[-121.030991,37.309236],[-121.031034,37.306949]]}}"
12.183.163.194,Wed Dec 11 2019 09:21:31 GMT-0800 (Pacific Standard Time),1576084891176,"{""type"":""Feature"",""properties"":{""Datetime"":""2019-12-11T17:21:31.176Z"",""ID"":1576084891176,""Drawing Type"":""Bikeway"",""Is this an existing or proposed bikeway?"":""Existing"",""What kind of bikeway should this route be?"":""Class II Bicycle Lane"",""Comments"":""Class II Bike Lanes are present on both sides of the street."",""Commenter Name"":""Danny Reed Jr."",""Commenter Jurisdiction"":""City of Newman""},""geometry"":{""type"":""LineString"",""coordinates"":[[-121.031098,37.306881],[-121.03112,37.305456],[-121.031002,37.303689]]}}"
12.183.163.194,Wed Dec 11 2019 09:25:00 GMT-0800 (Pacific Standard Time),1576085100542,"{""type"":""Feature"",""properties"":{""Datetime"":""2019-12-11T17:25:00.542Z"",""ID"":1576085100542,""Drawing Type"":""Bikeway"",""Is this an existing or proposed bikeway?"":""Existing"",""What kind of bikeway should this route be?"":""Class II Bicycle Lane"",""Comments"":""Existing Class II Bike Lanes are present on both sides of the street."",""Commenter Name"":""Danny Reed Jr."",""Commenter Jurisdiction"":""City of Newman""},""geometry"":{""type"":""LineString"",""coordinates"":[[-121.008021,37.317428],[-121.008761,37.317957],[-121.009319,37.31817],[-121.009984,37.318247],[-121.018503,37.318349]]}}"
12.183.163.194,Wed Dec 11 2019 09:26:40 GMT-0800 (Pacific Standard Time),1576085200150,"{""type"":""Feature"",""properties"":{""Datetime"":""2019-12-11T17:26:40.150Z"",""ID"":1576085200150,""Drawing Type"":""Bikeway"",""Is this an existing or proposed bikeway?"":""Existing"",""What kind of bikeway should this route be?"":""Class III Bicycle Route"",""Comments"":""Class III Bike Route Improvements"",""Commenter Name"":""Danny Reed Jr."",""Commenter Jurisdiction"":""City of Newman""},""geometry"":{""type"":""LineString"",""coordinates"":[[-121.008064,37.317359],[-121.008922,37.316754],[-121.009662,37.316438],[-121.013256,37.315508]]}}"
12.183.163.194,Wed Dec 11 2019 09:31:12 GMT-0800 (Pacific Standard Time),1576085472543,"{""type"":""Feature"",""properties"":{""Datetime"":""2019-12-11T17:31:12.543Z"",""ID"":1576085472543,""Drawing Type"":""Bikeway"",""Is this an existing or proposed bikeway?"":""Existing"",""What kind of bikeway should this route be?"":""Class I Multi-Use Path"",""Comments"":""Existing Multi-use path on the South side of the roadway."",""Commenter Name"":""Danny Reed Jr."",""Commenter Jurisdiction"":""City of Newman""},""geometry"":{""type"":""LineString"",""coordinates"":[[-121.002152,37.323008],[-121.002817,37.3234],[-121.003332,37.323588],[-121.004469,37.323861],[-121.005177,37.324322],[-121.0058,37.324919],[-121.006701,37.325465],[-121.007795,37.325635],[-121.012495,37.32567],[-121.016572,37.32584],[-121.01728,37.325994],[-121.019061,37.326779],[-121.020262,37.327393],[-121.021271,37.327581],[-121.022816,37.327598],[-121.023674,37.327478],[-121.024768,37.327205]]}}"
12.183.163.194,Wed Dec 11 2019 09:32:51 GMT-0800 (Pacific Standard Time),1576085571248,"{""type"":""Feature"",""properties"":{""Datetime"":""2019-12-11T17:32:51.248Z"",""ID"":1576085571248,""Drawing Type"":""Bikeway"",""Is this an existing or proposed bikeway?"":""Existing"",""What kind of bikeway should this route be?"":""Class II Bicycle Lane"",""Comments"":""Class II bike lanes are present on both sides of the street."",""Commenter Name"":""Danny Reed Jr."",""Commenter Jurisdiction"":""City of Newman""},""geometry"":{""type"":""LineString"",""coordinates"":[[-121.018138,37.318383],[-121.018116,37.318963],[-121.018717,37.320431],[-121.019919,37.322445],[-121.020048,37.322888],[-121.020155,37.324697],[-121.020091,37.325226],[-121.019833,37.325635],[-121.019039,37.326676]]}}"
12.183.163.194,Wed Dec 11 2019 09:34:39 GMT-0800 (Pacific Standard Time),1576085679132,"{""type"":""Feature"",""properties"":{""Datetime"":""2019-12-11T17:34:39.132Z"",""ID"":1576085679132,""Drawing Type"":""Bikeway"",""Is this an existing or proposed bikeway?"":""Existing"",""What kind of bikeway should this route be?"":""Class II Bicycle Lane"",""Comments"":""Existing Class II bike lanes are present on both sides of the street."",""Commenter Name"":""Danny Reed Jr."",""Commenter Jurisdiction"":""City of Newman""},""geometry"":{""type"":""LineString"",""coordinates"":[[-121.019028,37.318213],[-121.017601,37.314441]]}}"
12.183.163.194,Wed Dec 11 2019 09:36:23 GMT-0800 (Pacific Standard Time),1576085783175,"{""type"":""Feature"",""properties"":{""Datetime"":""2019-12-11T17:36:23.175Z"",""ID"":1576085783175,""Drawing Type"":""Bikeway"",""Is this an existing or proposed bikeway?"":""Existing"",""What kind of bikeway should this route be?"":""Class II Bicycle Lane"",""Comments"":""Existing Class II bike lanes are present on both sides of the street."",""Commenter Name"":""Danny Reed Jr."",""Commenter Jurisdiction"":""City of Newman""},""geometry"":{""type"":""LineString"",""coordinates"":[[-121.029607,37.318324],[-121.026839,37.311147]]}}"
12.183.163.194,Wed Dec 11 2019 09:40:47 GMT-0800 (Pacific Standard Time),1576086047984,"{""type"":""Feature"",""properties"":{""Datetime"":""2019-12-11T17:40:47.984Z"",""ID"":1576086047984,""Drawing Type"":""Bikeway"",""Is this an existing or proposed bikeway?"":""Existing"",""What kind of bikeway should this route be?"":""Class II Bicycle Lane"",""Comments"":""Existing Class II bike lanes are present on both sides of the roadway."",""Commenter Name"":""Danny Reed Jr."",""Commenter Jurisdiction"":""City of Newman""},""geometry"":{""type"":""LineString"",""coordinates"":[[-121.03613,37.305515],[-121.036189,37.305007],[-121.036355,37.304709],[-121.036457,37.304393],[-121.036506,37.304205],[-121.036516,37.303749]]}}"
12.183.163.194,Wed Dec 11 2019 09:41:47 GMT-0800 (Pacific Standard Time),1576086107367,"{""type"":""Feature"",""properties"":{""Datetime"":""2019-12-11T17:41:47.367Z"",""ID"":1576086107367,""Drawing Type"":""Bikeway"",""Is this an existing or proposed bikeway?"":""Existing"",""What kind of bikeway should this route be?"":""Class II Bicycle Lane"",""Comments"":""Existing Class II bike lanes are present on both sides of the street."",""Commenter Name"":""Danny Reed Jr."",""Commenter Jurisdiction"":""City of Newman""},""geometry"":{""type"":""LineString"",""coordinates"":[[-121.035191,37.308434],[-121.035197,37.306612],[-121.035218,37.306522]]}}"
12.183.163.194,Wed Dec 11 2019 09:43:19 GMT-0800 (Pacific Standard Time),1576086199000,"{""type"":""Feature"",""properties"":{""Datetime"":""2019-12-11T17:43:19.000Z"",""ID"":1576086199000,""Drawing Type"":""Bikeway"",""Is this an existing or proposed bikeway?"":""Existing"",""What kind of bikeway should this route be?"":""Class II Bicycle Lane"",""Comments"":""Existing Class II bike lanes are present on both sides of the street."",""Commenter Name"":""Danny Reed Jr."",""Commenter Jurisdiction"":""City of Newman""},""geometry"":{""type"":""LineString"",""coordinates"":[[-121.035626,37.306544],[-121.03524,37.306505],[-121.034955,37.306428],[-121.034494,37.306168],[-121.034312,37.305933],[-121.03421,37.305643],[-121.034178,37.30546],[-121.03429,37.305067],[-121.034424,37.304858],[-121.034655,37.304662],[-121.034853,37.304551],[-121.035229,37.304436],[-121.035529,37.304406],[-121.036441,37.304414]]}}"
12.183.163.194,Wed Dec 11 2019 09:44:47 GMT-0800 (Pacific Standard Time),1576086287680,"{""type"":""Feature"",""properties"":{""Datetime"":""2019-12-11T17:44:47.680Z"",""ID"":1576086287680,""Drawing Type"":""Bikeway"",""Is this an existing or proposed bikeway?"":""Existing"",""What kind of bikeway should this route be?"":""Class II Bicycle Lane"",""Comments"":""Existing Class II bike lane is present on the South side of the street. "",""Commenter Name"":""Danny Reed Jr."",""Commenter Jurisdiction"":""City of Newman""},""geometry"":{""type"":""LineString"",""coordinates"":[[-121.034178,37.305468],[-121.031114,37.305481]]}}"
12.183.163.194,Wed Dec 11 2019 09:47:50 GMT-0800 (Pacific Standard Time),1576086470112,"{""type"":""Feature"",""properties"":{""Datetime"":""2019-12-11T17:47:50.112Z"",""ID"":1576086470112,""Drawing Type"":""Bikeway"",""Is this an existing or proposed bikeway?"":""Existing"",""What kind of bikeway should this route be?"":""Class II Bicycle Lane"",""Comments"":""Existing Class II bike lanes are present on both sides of the street."",""Commenter Name"":""Danny Reed Jr."",""Commenter Jurisdiction"":""City of Newman""},""geometry"":{""type"":""LineString"",""coordinates"":[[-121.02693,37.311135],[-121.026952,37.309355]]}}"
12.183.163.194,Wed Dec 11 2019 09:55:46 GMT-0800 (Pacific Standard Time),1576086946296,"{""type"":""Feature"",""properties"":{""Datetime"":""2019-12-11T17:55:46.296Z"",""ID"":1576086946296,""Drawing Type"":""Bikeway"",""Is this an existing or proposed bikeway?"":""Existing"",""What kind of bikeway should this route be?"":""Class I Multi-Use Path"",""Comments"":""Existing Class I Multi-use Path Improvements are present on the Southwest side of the street."",""Commenter Name"":""Danny Reed Jr."",""Commenter Jurisdiction"":""City of Newman""},""geometry"":{""type"":""LineString"",""coordinates"":[[-121.004523,37.320708],[-121.005746,37.321549]]}}"
12.183.163.194,Wed Dec 11 2019 09:57:10 GMT-0800 (Pacific Standard Time),1576087030112,"{""type"":""Feature"",""properties"":{""Datetime"":""2019-12-11T17:57:10.112Z"",""ID"":1576087030112,""Drawing Type"":""Bikeway"",""Is this an existing or proposed bikeway?"":""Existing"",""What kind of bikeway should this route be?"":""Class I Multi-Use Path"",""Comments"":""Existing Class I Multi-use Path Improvements are preset on the East side of the street."",""Commenter Name"":""Danny Reed Jr."",""Commenter Jurisdiction"":""City of Newman""},""geometry"":{""type"":""LineString"",""coordinates"":[[-121.004475,37.323857],[-121.004947,37.322765],[-121.005237,37.322184],[-121.00558,37.321728],[-121.005768,37.321553]]}}"
12.183.163.194,Wed Dec 11 2019 10:00:17 GMT-0800 (Pacific Standard Time),1576087217936,"{""type"":""Feature"",""properties"":{""Datetime"":""2019-12-11T18:00:17.936Z"",""ID"":1576087217936,""Drawing Type"":""Bikeway"",""Is this an existing or proposed bikeway?"":""Existing"",""What kind of bikeway should this route be?"":""Class II Bicycle Lane"",""Comments"":""Existing Class II bike lane improvements are present on the West side of the street. "",""Commenter Name"":""Danny Reed Jr."",""Commenter Jurisdiction"":""City of Newman""},""geometry"":{""type"":""LineString"",""coordinates"":[[-121.029162,37.324748],[-121.02877,37.323707]]}}"
12.183.163.194,Wed Dec 11 2019 10:20:10 GMT-0800 (Pacific Standard Time),1576088410088,"{""type"":""Feature"",""properties"":{""Datetime"":""2019-12-11T18:20:10.088Z"",""ID"":1576088410088,""Drawing Type"":""Bikeway"",""Is this an existing or proposed bikeway?"":""Proposed"",""What kind of bikeway should this route be?"":""Class III Bicycle Route"",""Comments"":""The City proposes to construct Class III bike route facilities in this corridor. "",""Commenter Name"":""Danny Reed Jr."",""Commenter Jurisdiction"":""City of Newman""},""geometry"":{""type"":""LineString"",""coordinates"":[[-121.031034,37.318383],[-121.030991,37.325704]]}}"
12.183.163.194,Wed Dec 11 2019 10:38:00 GMT-0800 (Pacific Standard Time),1576089480265,"{""type"":""Feature"",""properties"":{""Datetime"":""2019-12-11T18:38:00.265Z"",""ID"":1576089480265,""Drawing Type"":""Bikeway"",""Is this an existing or proposed bikeway?"":""Proposed"",""What kind of bikeway should this route be?"":""Class I Multi-Use Path"",""Comments"":""The City proposes to construct Class I Multi-use Path Improvements in this corridor."",""Commenter Name"":""Danny Reed Jr."",""Commenter Jurisdiction"":""City of Newman""},""geometry"":{""type"":""LineString"",""coordinates"":[[-121.025219,37.327103],[-121.031013,37.325704]]}}"
12.183.163.194,Wed Dec 11 2019 10:39:47 GMT-0800 (Pacific Standard Time),1576089587297,"{""type"":""Feature"",""properties"":{""Datetime"":""2019-12-11T18:39:47.297Z"",""ID"":1576089587297,""Drawing Type"":""Bikeway"",""Is this an existing or proposed bikeway?"":""Proposed"",""What kind of bikeway should this route be?"":""Class II Bicycle Lane"",""Comments"":""The City proposes to construct Class II bike facilities in this corridor."",""Commenter Name"":""Danny Reed Jr."",""Commenter Jurisdiction"":""City of Newman""},""geometry"":{""type"":""LineString"",""coordinates"":[[-121.029661,37.326011],[-121.026893,37.31901]]}}"
12.183.163.194,Wed Dec 11 2019 10:48:53 GMT-0800 (Pacific Standard Time),1576090133961,"{""type"":""Feature"",""properties"":{""Datetime"":""2019-12-11T18:48:53.961Z"",""ID"":1576090133961,""Drawing Type"":""Bikeway"",""Is this an existing or proposed bikeway?"":""Proposed"",""What kind of bikeway should this route be?"":""Class II Bicycle Lane"",""Comments"":""The City proposes to construct Class II bike facilities within this corridor segment. "",""Commenter Name"":""Danny Reed Jr."",""Commenter Jurisdiction"":""City of Newman""},""geometry"":{""type"":""LineString"",""coordinates"":[[-121.031055,37.318341],[-121.036506,37.318409]]}}"
12.183.163.194,Wed Dec 11 2019 10:50:55 GMT-0800 (Pacific Standard Time),1576090255777,"{""type"":""Feature"",""properties"":{""Datetime"":""2019-12-11T18:50:55.777Z"",""ID"":1576090255777,""Drawing Type"":""Bikeway"",""Is this an existing or proposed bikeway?"":""Proposed"",""What kind of bikeway should this route be?"":""Class II Bicycle Lane"",""Comments"":""The City proposes to construct Class II bike facilities within this corridor segment. "",""Commenter Name"":""Danny Reed Jr."",""Commenter Jurisdiction"":""City of Newman""},""geometry"":{""type"":""LineString"",""coordinates"":[[-121.012559,37.325653],[-121.012602,37.324287],[-121.012929,37.322381],[-121.012961,37.32198],[-121.012897,37.320158],[-121.012972,37.31962],[-121.012977,37.318733],[-121.012951,37.318277]]}}"
12.183.163.194,Wed Dec 11 2019 10:52:10 GMT-0800 (Pacific Standard Time),1576090330097,"{""type"":""Feature"",""properties"":{""Datetime"":""2019-12-11T18:52:10.097Z"",""ID"":1576090330097,""Drawing Type"":""Bikeway"",""Is this an existing or proposed bikeway?"":""Proposed"",""What kind of bikeway should this route be?"":""Class II Bicycle Lane"",""Comments"":""The City proposes to construct Class II bike facilities within this corridor segment. "",""Commenter Name"":""Danny Reed Jr."",""Commenter Jurisdiction"":""City of Newman""},""geometry"":{""type"":""LineString"",""coordinates"":[[-121.012784,37.323136],[-121.011422,37.322965],[-121.011057,37.322854],[-121.010274,37.322436],[-121.009737,37.322282],[-121.00908,37.322199],[-121.006712,37.322193],[-121.006325,37.322197],[-121.005639,37.322086],[-121.005403,37.321954]]}}"
12.183.163.194,Wed Dec 11 2019 10:53:16 GMT-0800 (Pacific Standard Time),1576090396698,"{""type"":""Feature"",""properties"":{""Datetime"":""2019-12-11T18:53:16.698Z"",""ID"":1576090396698,""Drawing Type"":""Bikeway"",""Is this an existing or proposed bikeway?"":""Proposed"",""What kind of bikeway should this route be?"":""Class II Bicycle Lane"",""Comments"":""The City proposes to construct Class II bike facilities within this corridor segment. "",""Commenter Name"":""Danny Reed Jr."",""Commenter Jurisdiction"":""City of Newman""},""geometry"":{""type"":""LineString"",""coordinates"":[[-121.012934,37.322402],[-121.013916,37.322423],[-121.014233,37.322308],[-121.017264,37.322931],[-121.018578,37.323067],[-121.020069,37.323059]]}}"
12.183.163.194,Wed Dec 11 2019 10:54:03 GMT-0800 (Pacific Standard Time),1576090443681,"{""type"":""Feature"",""properties"":{""Datetime"":""2019-12-11T18:54:03.681Z"",""ID"":1576090443681,""Drawing Type"":""Bikeway"",""Is this an existing or proposed bikeway?"":""Proposed"",""What kind of bikeway should this route be?"":""Class II Bicycle Lane"",""Comments"":""The City proposes to construct Class II bike facilities within this corridor segment. "",""Commenter Name"":""Danny Reed Jr."",""Commenter Jurisdiction"":""City of Newman""},""geometry"":{""type"":""LineString"",""coordinates"":[[-121.01758,37.314424],[-121.016271,37.311054]]}}"
12.183.163.194,Wed Dec 11 2019 10:54:39 GMT-0800 (Pacific Standard Time),1576090479202,"{""type"":""Feature"",""properties"":{""Datetime"":""2019-12-11T18:54:39.202Z"",""ID"":1576090479202,""Drawing Type"":""Bikeway"",""Is this an existing or proposed bikeway?"":""Proposed"",""What kind of bikeway should this route be?"":""Class II Bicycle Lane"",""Comments"":""The City proposes to construct Class II bike facilities within this corridor segment. "",""Commenter Name"":""Danny Reed Jr."",""Commenter Jurisdiction"":""City of Newman""},""geometry"":{""type"":""LineString"",""coordinates"":[[-121.018535,37.318349],[-121.022065,37.317487]]}}"
12.183.163.194,Wed Dec 11 2019 13:31:30 GMT-0800 (Pacific Standard Time),1576099890011,"{""type"":""Feature"",""properties"":{""Datetime"":""2019-12-11T21:31:30.011Z"",""ID"":1576099890011,""Drawing Type"":""Bikeway"",""Is this an existing or proposed bikeway?"":""Proposed"",""What kind of bikeway should this route be?"":""Class I Multi-Use Path"",""Comments"":""The City proposes to construct Class I Multi-use Path facilities within this corridor segment. "",""Commenter Name"":""Danny Reed Jr."",""Commenter Jurisdiction"":""City of Newman""},""geometry"":{""type"":""LineString"",""coordinates"":[[-121.007935,37.317385],[-121.008461,37.31689],[-121.009061,37.316549],[-121.009094,37.316182],[-121.008278,37.310968]]}}"
12.183.163.194,Wed Dec 11 2019 13:32:22 GMT-0800 (Pacific Standard Time),1576099942459,"{""type"":""Feature"",""properties"":{""Datetime"":""2019-12-11T21:32:22.459Z"",""ID"":1576099942459,""Drawing Type"":""Bikeway"",""Is this an existing or proposed bikeway?"":""Proposed"",""What kind of bikeway should this route be?"":""Class II Bicycle Lane"",""Comments"":""The City proposes to construct Class II bike facilities within this corridor segment. "",""Commenter Name"":""Danny Reed Jr."",""Commenter Jurisdiction"":""City of Newman""},""geometry"":{""type"":""LineString"",""coordinates"":[[-121.035985,37.311167],[-121.008364,37.311007]]}}"
12.183.163.194,Wed Dec 11 2019 13:33:48 GMT-0800 (Pacific Standard Time),1576100028226,"{""type"":""Feature"",""properties"":{""Datetime"":""2019-12-11T21:33:48.226Z"",""ID"":1576100028226,""Drawing Type"":""Bikeway"",""Is this an existing or proposed bikeway?"":""Proposed"",""What kind of bikeway should this route be?"":""Class II Bicycle Lane"",""Comments"":""The City proposes to construct Class II bike facilities within this corridor segment. "",""Commenter Name"":""Danny Reed Jr."",""Commenter Jurisdiction"":""City of Newman""},""geometry"":{""type"":""LineString"",""coordinates"":[[-121.031104,37.305477],[-121.029784,37.305449],[-121.029317,37.305473],[-121.028966,37.305541],[-121.028038,37.305921],[-121.027625,37.306057],[-121.027241,37.306113],[-121.027016,37.306136],[-121.026405,37.306125],[-121.026018,37.306096],[-121.025637,37.306053],[-121.022134,37.306074]]}}"
12.183.163.194,Wed Dec 11 2019 13:35:18 GMT-0800 (Pacific Standard Time),1576100118899,"{""type"":""Feature"",""properties"":{""Datetime"":""2019-12-11T21:35:18.899Z"",""ID"":1576100118899,""Drawing Type"":""Bikeway"",""Is this an existing or proposed bikeway?"":""Proposed"",""What kind of bikeway should this route be?"":""Class II Bicycle Lane"",""Comments"":""The City proposes to construct Class II bike facilities within this corridor segment. "",""Commenter Name"":""Danny Reed Jr."",""Commenter Jurisdiction"":""City of Newman""},""geometry"":{""type"":""LineString"",""coordinates"":[[-121.022151,37.311079],[-121.022129,37.304303],[-121.021984,37.303659],[-121.021952,37.303416],[-121.021957,37.302183]]}}"
12.183.163.194,Wed Dec 11 2019 13:36:26 GMT-0800 (Pacific Standard Time),1576100186459,"{""type"":""Feature"",""properties"":{""Datetime"":""2019-12-11T21:36:26.459Z"",""ID"":1576100186459,""Drawing Type"":""Bikeway"",""What kind of bikeway should this route be?"":""Class II Bicycle Lane"",""Comments"":""The City proposes to construct Class II bike facilities within this corridor segment. "",""Commenter Name"":""Danny Reed Jr."",""Commenter Jurisdiction"":""City of Newman""},""geometry"":{""type"":""LineString"",""coordinates"":[[-121.022153,37.308988],[-121.024269,37.309025],[-121.024841,37.309052],[-121.024852,37.309326],[-121.025855,37.309347],[-121.027684,37.309347],[-121.028049,37.309306],[-121.028231,37.30927],[-121.030986,37.309283]]}}"
12.183.163.194,Wed Dec 11 2019 13:39:42 GMT-0800 (Pacific Standard Time),1576100382595,"{""type"":""Feature"",""properties"":{""Datetime"":""2019-12-11T21:39:42.595Z"",""ID"":1576100382595,""Drawing Type"":""Bikeway"",""Is this an existing or proposed bikeway?"":""Proposed"",""What kind of bikeway should this route be?"":""Class II Bicycle Lane"",""Comments"":""The City proposes to construct Class II bike facilities within this corridor segment. "",""Commenter Name"":""Danny Reed Jr."",""Commenter Jurisdiction"":""City of Newman""},""geometry"":{""type"":""LineString"",""coordinates"":[[-121.022075,37.31747],[-121.028674,37.315875]]}}"
12.183.163.194,Wed Dec 11 2019 13:40:47 GMT-0800 (Pacific Standard Time),1576100447461,"{""type"":""Feature"",""properties"":{""Datetime"":""2019-12-11T21:40:47.461Z"",""ID"":1576100447461,""Drawing Type"":""Bikeway"",""Is this an existing or proposed bikeway?"":""Proposed"",""What kind of bikeway should this route be?"":""Class II Bicycle Lane"",""Comments"":""The City proposes to construct Class II bike facilities within this corridor segment. "",""Commenter Name"":""Danny Reed Jr."",""Commenter Jurisdiction"":""City of Newman""},""geometry"":{""type"":""LineString"",""coordinates"":[[-121.025648,37.319305],[-121.022475,37.311092]]}}"
12.183.163.194,Wed Dec 11 2019 13:42:25 GMT-0800 (Pacific Standard Time),1576100545515,"{""type"":""Feature"",""properties"":{""Datetime"":""2019-12-11T21:42:25.515Z"",""ID"":1576100545515,""Drawing Type"":""Bikeway"",""Is this an existing or proposed bikeway?"":""Proposed"",""What kind of bikeway should this route be?"":""Class I Multi-Use Path"",""Comments"":""The City is proposing to change the existing Class II bike lanes to a Class I Multi-use Path. "",""Commenter Name"":""Danny Reed Jr."",""Commenter Jurisdiction"":""City of Newman""},""geometry"":{""type"":""LineString"",""coordinates"":[[-121.031034,37.318341],[-121.028263,37.311141]]}}"
12.183.163.194,Wed Dec 11 2019 13:44:29 GMT-0800 (Pacific Standard Time),1576100669531,"{""type"":""Feature"",""properties"":{""Datetime"":""2019-12-11T21:44:29.531Z"",""ID"":1576100669531,""Drawing Type"":""Bikeway"",""What kind of bikeway should this route be?"":""Class II Bicycle Lane"",""Comments"":""The City proposes to construct Class II bike facilities within this corridor segment. "",""Commenter Name"":""Danny Reed Jr."",""Commenter Jurisdiction"":""City of Newman""},""geometry"":{""type"":""LineString"",""coordinates"":[[-121.016378,37.304372],[-121.016883,37.305626],[-121.017934,37.307094],[-121.018331,37.307726],[-121.019629,37.311062],[-121.022065,37.317445],[-121.023674,37.321685],[-121.023985,37.32317],[-121.024307,37.324774],[-121.025605,37.328331],[-121.027418,37.332972]]}}"
12.183.163.194,Wed Dec 11 2019 13:45:39 GMT-0800 (Pacific Standard Time),1576100739860,"{""type"":""Feature"",""properties"":{""Datetime"":""2019-12-11T21:45:39.860Z"",""ID"":1576100739860,""Drawing Type"":""Bikeway"",""Is this an existing or proposed bikeway?"":""Proposed"",""What kind of bikeway should this route be?"":""Class II Bicycle Lane"",""Comments"":""The City proposes to construct Class II bike facilities within this corridor segment. "",""Commenter Name"":""Danny Reed Jr."",""Commenter Jurisdiction"":""City of Newman""},""geometry"":{""type"":""LineString"",""coordinates"":[[-121.009276,37.316557],[-121.00919,37.316344],[-121.008385,37.310994]]}}"
207.212.199.68,Thu Dec 12 2019 13:51:30 GMT-0800 (Pacific Standard Time),1576187490162,"{""type"":""Feature"",""properties"":{""Datetime"":""2019-12-12T21:51:30.162Z"",""ID"":1576187490162,""Drawing Type"":""Bikeway"",""Is this an existing or proposed bikeway?"":""Existing"",""What kind of bikeway should this route be?"":""Class IV Separated Bikeway"",""Comments"":""This is the MJC Campus Connection"",""Commenter Name"":""Michael Sacuskie"",""Commenter Jurisdiction"":""City of Modesto""},""geometry"":{""type"":""LineString"",""coordinates"":[[-121.031883,37.661925],[-121.031887,37.663884],[-121.030569,37.662835],[-121.030514,37.66168],[-121.030664,37.661439],[-121.031149,37.661351],[-121.031194,37.664299],[-121.030898,37.664075],[-121.02958,37.662886],[-121.028988,37.662245],[-121.024715,37.658671],[-121.012019,37.648011],[-121.011959,37.649502],[-121.010818,37.649472]]}}"
207.212.199.68,Thu Dec 12 2019 13:54:34 GMT-0800 (Pacific Standard Time),1576187674170,"{""type"":""Feature"",""properties"":{""Datetime"":""2019-12-12T21:54:34.170Z"",""ID"":1576187674170,""Drawing Type"":""Bikeway"",""Is this an existing or proposed bikeway?"":""Existing"",""What kind of bikeway should this route be?"":""Class II Buffered Bicycle Lane"",""Comments"":"""",""Commenter Name"":""Michael Sacuskie"",""Commenter Jurisdiction"":""City of Modesto""},""geometry"":{""type"":""LineString"",""coordinates"":[[-121.006655,37.645925],[-121.006663,37.647807],[-121.006951,37.648218],[-121.007316,37.648546],[-121.007427,37.649059],[-121.007731,37.671046]]}}"
207.212.199.68,Thu Dec 12 2019 13:57:54 GMT-0800 (Pacific Standard Time),1576187874978,"{""type"":""Feature"",""properties"":{""Datetime"":""2019-12-12T21:57:54.978Z"",""ID"":1576187874978,""Drawing Type"":""Bikeway"",""Is this an existing or proposed bikeway?"":""Existing"",""What kind of bikeway should this route be?"":""Class II Buffered Bicycle Lane"",""Comments"":""Class II buffered bikes lines on both sides, Eastbound and Westbound."",""Commenter Name"":""Michael Sacuskie"",""Commenter Jurisdiction"":""City of Modesto""},""geometry"":{""type"":""LineString"",""coordinates"":[[-121.031347,37.667806],[-121.031244,37.668961],[-121.030729,37.669952],[-121.029699,37.670943],[-121.028498,37.671555],[-121.027142,37.671785],[-121.024601,37.671555],[-121.013821,37.670373],[-121.011623,37.670441],[-121.006538,37.670441],[-120.995191,37.670495]]}}"
207.212.199.68,Thu Dec 12 2019 14:00:50 GMT-0800 (Pacific Standard Time),1576188050834,"{""type"":""Feature"",""properties"":{""Datetime"":""2019-12-12T22:00:50.834Z"",""ID"":1576188050834,""Drawing Type"":""Bikeway"",""Is this an existing or proposed bikeway?"":""Existing"",""What kind of bikeway should this route be?"":""Class I Multi-Use Path"",""Comments"":"""",""Commenter Name"":""Michael Sacuskie"",""Commenter Jurisdiction"":""City of Modesto""},""geometry"":{""type"":""LineString"",""coordinates"":[[-120.921021,37.649992],[-120.921089,37.655467]]}}"
207.212.199.68,Thu Dec 12 2019 14:03:36 GMT-0800 (Pacific Standard Time),1576188216557,"{""type"":""Feature"",""properties"":{""Datetime"":""2019-12-12T22:03:36.557Z"",""ID"":1576188216557,""Drawing Type"":""Bikeway"",""Is this an existing or proposed bikeway?"":""Proposed"",""What kind of bikeway should this route be?"":""Class I Multi-Use Path"",""Comments"":"""",""Commenter Name"":""Michael Sacuskie\n"",""Commenter Jurisdiction"":""City of Modesto""},""geometry"":{""type"":""LineString"",""coordinates"":[[-120.923916,37.667206],[-120.923804,37.667958],[-120.923583,37.668322],[-120.923366,37.668499],[-120.922907,37.668689],[-120.921915,37.668906],[-120.92184,37.670908],[-120.92202,37.674636],[-120.922282,37.679799],[-120.922497,37.682222],[-120.92363,37.686485],[-120.923801,37.688848]]}}"
207.212.199.68,Thu Dec 12 2019 14:04:20 GMT-0800 (Pacific Standard Time),1576188260549,"{""type"":""Feature"",""properties"":{""Datetime"":""2019-12-12T22:04:20.549Z"",""ID"":1576188260549,""Drawing Type"":""Bikeway"",""Is this an existing or proposed bikeway?"":""Existing"",""What kind of bikeway should this route be?"":""Class II Bicycle Lane"",""Comments"":"""",""Commenter Name"":""Michael Sacuskie"",""Commenter Jurisdiction"":""City of Modesto""},""geometry"":{""type"":""LineString"",""coordinates"":[[-120.921638,37.689092],[-120.939938,37.689011]]}}"
207.212.199.68,Thu Dec 12 2019 14:04:59 GMT-0800 (Pacific Standard Time),1576188299973,"{""type"":""Feature"",""properties"":{""Datetime"":""2019-12-12T22:04:59.973Z"",""ID"":1576188299973,""Drawing Type"":""Bikeway"",""Is this an existing or proposed bikeway?"":""Existing"",""What kind of bikeway should this route be?"":""Class II Buffered Bicycle Lane"",""Comments"":"""",""Commenter Name"":""Michael Sacuskie"",""Commenter Jurisdiction"":""City of Modesto""},""geometry"":{""type"":""LineString"",""coordinates"":[[-120.939815,37.688999],[-120.939551,37.678388]]}}"
207.212.199.68,Thu Dec 12 2019 14:06:33 GMT-0800 (Pacific Standard Time),1576188393646,"{""type"":""Feature"",""properties"":{""Datetime"":""2019-12-12T22:06:33.646Z"",""ID"":1576188393646,""Drawing Type"":""Bikeway"",""Is this an existing or proposed bikeway?"":""Existing"",""What kind of bikeway should this route be?"":""Class II Bicycle Lane"",""Comments"":"""",""Commenter Name"":""Michael Sacuskie"",""Commenter Jurisdiction"":""City of Modesto""},""geometry"":{""type"":""LineString"",""coordinates"":[[-120.935202,37.689024],[-120.93521,37.688012],[-120.934953,37.687632],[-120.933966,37.686641],[-120.933854,37.686206],[-120.933726,37.683776],[-120.933681,37.682398],[-120.93356,37.681937],[-120.9332,37.681339],[-120.931792,37.679017],[-120.931895,37.678243],[-120.93194,37.677308],[-120.933228,37.674877],[-120.933479,37.674644],[-120.934067,37.674454],[-120.935183,37.67444],[-120.935509,37.674484],[-120.936522,37.674851],[-120.936925,37.674915],[-120.937474,37.674875],[-120.937843,37.674776],[-120.938742,37.674526],[-120.939408,37.674465]]}}"
207.212.199.68,Thu Dec 12 2019 14:07:32 GMT-0800 (Pacific Standard Time),1576188452176,"{""type"":""Feature"",""properties"":{""Datetime"":""2019-12-12T22:07:32.176Z"",""ID"":1576188452176,""Drawing Type"":""Bikeway"",""Is this an existing or proposed bikeway?"":""Existing"",""What kind of bikeway should this route be?"":""Class II Bicycle Lane"",""Comments"":"""",""Commenter Name"":""Michael Sacuskie"",""Commenter Jurisdiction"":""City of Modesto""},""geometry"":{""type"":""LineString"",""coordinates"":[[-120.939592,37.677916],[-120.939558,37.674474],[-120.939661,37.670839],[-120.939483,37.66681]]}}"
207.212.199.68,Thu Dec 12 2019 14:08:19 GMT-0800 (Pacific Standard Time),1576188499350,"{""type"":""Feature"",""properties"":{""Datetime"":""2019-12-12T22:08:19.350Z"",""ID"":1576188499350,""Drawing Type"":""Bikeway"",""Is this an existing or proposed bikeway?"":""Existing"",""What kind of bikeway should this route be?"":""Class I Multi-Use Path"",""Comments"":"""",""Commenter Name"":""Michael Sacuskie"",""Commenter Jurisdiction"":""City of Modesto""},""geometry"":{""type"":""LineString"",""coordinates"":[[-120.939317,37.678038],[-120.922207,37.678076]]}}"
207.212.199.68,Thu Dec 12 2019 14:08:51 GMT-0800 (Pacific Standard Time),1576188531407,"{""type"":""Feature"",""properties"":{""Datetime"":""2019-12-12T22:08:51.407Z"",""ID"":1576188531407,""Drawing Type"":""Bikeway"",""Is this an existing or proposed bikeway?"":""Existing"",""What kind of bikeway should this route be?"":""Class II Bicycle Lane"",""Comments"":"""",""Commenter Name"":""Michael Sacuskie"",""Commenter Jurisdiction"":""City of Modesto""},""geometry"":{""type"":""LineString"",""coordinates"":[[-120.939826,37.678108],[-120.957662,37.678081]]}}"
207.212.199.68,Thu Dec 12 2019 14:09:32 GMT-0800 (Pacific Standard Time),1576188572807,"{""type"":""Feature"",""properties"":{""Datetime"":""2019-12-12T22:09:32.807Z"",""ID"":1576188572807,""Drawing Type"":""Bikeway"",""Is this an existing or proposed bikeway?"":""Existing"",""What kind of bikeway should this route be?"":""Class II Buffered Bicycle Lane"",""Comments"":"""",""Commenter Name"":""Michael Sacuskie"",""Commenter Jurisdiction"":""City of Modesto""},""geometry"":{""type"":""LineString"",""coordinates"":[[-120.957756,37.678046],[-120.95755,37.667236]]}}"
207.212.199.68,Thu Dec 12 2019 14:13:33 GMT-0800 (Pacific Standard Time),1576188813376,"{""type"":""Feature"",""properties"":{""Datetime"":""2019-12-12T22:13:33.376Z"",""ID"":1576188813376,""Drawing Type"":""Bikeway"",""Is this an existing or proposed bikeway?"":""Existing"",""What kind of bikeway should this route be?"":""Class II Buffered Bicycle Lane"",""Comments"":"""",""Commenter Name"":""Michael Sacuskie"",""Commenter Jurisdiction"":""City of Modesto""},""geometry"":{""type"":""LineString"",""coordinates"":[[-120.99729,37.689157],[-121.028875,37.689565],[-121.031416,37.689673],[-121.032643,37.689762],[-121.034223,37.68949],[-121.035338,37.688933],[-121.03654,37.687698],[-121.037553,37.686775],[-121.038617,37.686232],[-121.040471,37.685797],[-121.045582,37.685494]]}}"
207.212.199.68,Thu Dec 12 2019 14:14:58 GMT-0800 (Pacific Standard Time),1576188898951,"{""type"":""Feature"",""properties"":{""Datetime"":""2019-12-12T22:14:58.951Z"",""ID"":1576188898951,""Drawing Type"":""Bikeway"",""Is this an existing or proposed bikeway?"":""Existing"",""What kind of bikeway should this route be?"":""Class II Bicycle Lane"",""Comments"":"""",""Commenter Name"":""Michael Sacuskie"",""Commenter Jurisdiction"":""City of Modesto""},""geometry"":{""type"":""LineString"",""coordinates"":[[-120.957887,37.684988],[-120.957977,37.688934]]}}"
207.212.199.68,Thu Dec 12 2019 14:16:44 GMT-0800 (Pacific Standard Time),1576189004744,"{""type"":""Feature"",""properties"":{""Datetime"":""2019-12-12T22:16:44.744Z"",""ID"":1576189004744,""Drawing Type"":""Bikeway"",""Is this an existing or proposed bikeway?"":""Existing"",""What kind of bikeway should this route be?"":""Class II Bicycle Lane"",""Comments"":"""",""Commenter Name"":""Michael Sacuskie"",""Commenter Jurisdiction"":""City of Modesto""},""geometry"":{""type"":""LineString"",""coordinates"":[[-120.957981,37.68896],[-120.96023,37.688966],[-120.961852,37.689007],[-120.964706,37.689013],[-120.975984,37.688883]]}}"
207.212.199.68,Thu Dec 12 2019 14:56:56 GMT-0800 (Pacific Standard Time),1576191416449,"{""type"":""Feature"",""properties"":{""Datetime"":""2019-12-12T22:56:56.449Z"",""ID"":1576191416449,""Drawing Type"":""Bikeway"",""Is this an existing or proposed bikeway?"":""Existing"",""What kind of bikeway should this route be?"":""Class I Multi-Use Path"",""Comments"":"""",""Commenter Name"":""Jason Ortega"",""Commenter Jurisdiction"":""City of Modesto""},""geometry"":{""type"":""LineString"",""coordinates"":[[-120.986863,37.630768],[-120.986295,37.62991],[-120.985458,37.629825],[-120.984643,37.628967],[-120.984181,37.628109],[-120.984063,37.62782],[-120.987164,37.628227],[-120.987432,37.628253],[-120.988816,37.627735],[-120.990415,37.627522],[-120.992121,37.627386],[-120.993075,37.62714],[-120.995908,37.62674],[-120.996562,37.626571]]}}"
207.212.199.68,Thu Dec 12 2019 14:58:20 GMT-0800 (Pacific Standard Time),1576191500022,"{""type"":""Feature"",""properties"":{""Datetime"":""2019-12-12T22:58:20.022Z"",""ID"":1576191500022,""Drawing Type"":""Bikeway"",""What kind of bikeway should this route be?"":""Class I Multi-Use Path"",""Comments"":"""",""Commenter Name"":""Jason Ortega"",""Commenter Jurisdiction"":""City of Modesto""},""geometry"":{""type"":""LineString"",""coordinates"":[[-120.994406,37.629094],[-120.994556,37.628805],[-120.994545,37.62861],[-120.994803,37.628448],[-120.995125,37.628338],[-120.995221,37.628185],[-120.994996,37.628151],[-120.994663,37.628177],[-120.994534,37.627913],[-120.994449,37.627429],[-120.993987,37.627004],[-120.995125,37.626851],[-120.994481,37.627437]]}}"
207.212.199.68,Thu Dec 12 2019 15:04:22 GMT-0800 (Pacific Standard Time),1576191862511,"{""type"":""Feature"",""properties"":{""Datetime"":""2019-12-12T23:04:22.511Z"",""ID"":1576191862511,""Drawing Type"":""Bikeway"",""Is this an existing or proposed bikeway?"":""Existing"",""What kind of bikeway should this route be?"":""Class I Multi-Use Path"",""Comments"":"""",""Commenter Name"":""Jason Ortega"",""Commenter Jurisdiction"":""City of Modesto""},""geometry"":{""type"":""LineString"",""coordinates"":[[-121.003439,37.685586],[-121.003289,37.674684]]}}"
undefined,Thu Dec 12 2019 16:35:13 GMT-0800 (Pacific Standard Time),1576197313474,"{""type"":""Feature"",""properties"":{""Datetime"":""2019-12-13T00:35:13.474Z"",""ID"":1576197313474,""Drawing Type"":""Bikeway"",""Is this an existing or proposed bikeway?"":""Existing"",""What kind of bikeway should this route be?"":""Class II Bicycle Lane"",""Comments"":"""",""Commenter Name"":""Patrick G"",""Commenter Jurisdiction"":""Toole Design""},""geometry"":{""type"":""LineString"",""coordinates"":[[-120.94707,37.721255],[-120.945482,37.721264],[-120.944227,37.721272],[-120.943658,37.72117],[-120.943304,37.720958],[-120.942918,37.720466],[-120.94265,37.719753],[-120.942607,37.719201],[-120.942854,37.718115],[-120.9431,37.717224],[-120.943165,37.716536],[-120.943261,37.716027],[-120.943476,37.715671],[-120.943455,37.713685],[-120.943476,37.713065],[-120.943401,37.712946]]}}"
undefined,Thu Dec 12 2019 16:37:10 GMT-0800 (Pacific Standard Time),1576197430372,"{""type"":""Feature"",""properties"":{""Datetime"":""2019-12-13T00:37:10.372Z"",""ID"":1576197430372,""Drawing Type"":""Bikeway"",""Is this an existing or proposed bikeway?"":""Existing"",""What kind of bikeway should this route be?"":""Class II Bicycle Lane"",""Comments"":""One-side Only"",""Commenter Name"":""Patrick G"",""Commenter Jurisdiction"":""Toole Design""},""geometry"":{""type"":""LineString"",""coordinates"":[[-120.947113,37.721238],[-120.947177,37.722155],[-120.947177,37.722681],[-120.947649,37.723071],[-120.947993,37.723512],[-120.948443,37.724005],[-120.948915,37.724242],[-120.951684,37.724276],[-120.953529,37.724259],[-120.954816,37.724157],[-120.955975,37.723784],[-120.956533,37.723173],[-120.956855,37.722647],[-120.956941,37.721883],[-120.956748,37.720729],[-120.956275,37.719745],[-120.95619,37.718964],[-120.956318,37.718166]]}}"
undefined,Thu Dec 12 2019 16:40:15 GMT-0800 (Pacific Standard Time),1576197615786,"{""type"":""Feature"",""properties"":{""Datetime"":""2019-12-13T00:40:15.786Z"",""ID"":1576197615786,""Drawing Type"":""Bikeway"",""Is this an existing or proposed bikeway?"":""Existing"",""What kind of bikeway should this route be?"":""Class II Bicycle Lane"",""Comments"":""One-side only"",""Commenter Name"":""Patrick G"",""Commenter Jurisdiction"":""Toole Design""},""geometry"":{""type"":""LineString"",""coordinates"":[[-120.922115,37.732677],[-120.91763,37.732643]]}}"
undefined,Thu Dec 12 2019 16:44:29 GMT-0800 (Pacific Standard Time),1576197869579,"{""type"":""Feature"",""properties"":{""Datetime"":""2019-12-13T00:44:29.579Z"",""ID"":1576197869579,""Drawing Type"":""Bikeway"",""Is this an existing or proposed bikeway?"":""Existing"",""What kind of bikeway should this route be?"":""Class II Bicycle Lane"",""Comments"":"""",""Commenter Name"":""Patrick G"",""Commenter Jurisdiction"":""Toole Design""},""geometry"":{""type"":""LineString"",""coordinates"":[[-120.845532,37.764303],[-120.843902,37.761945],[-120.842314,37.75957],[-120.840704,37.75767],[-120.840189,37.756873],[-120.840104,37.754803]]}}"
undefined,Thu Dec 12 2019 16:59:41 GMT-0800 (Pacific Standard Time),1576198781363,"{""type"":""Feature"",""properties"":{""Datetime"":""2019-12-13T00:59:41.363Z"",""ID"":1576198781363,""Drawing Type"":""Bikeway"",""Is this an existing or proposed bikeway?"":""Existing"",""What kind of bikeway should this route be?"":""Class II Bicycle Lane"",""Comments"":"""",""Commenter Name"":""Patrick G"",""Commenter Jurisdiction"":""Toole Design""},""geometry"":{""type"":""LineString"",""coordinates"":[[-120.835125,37.52729],[-120.834911,37.536393]]}}"
undefined,Thu Dec 12 2019 17:02:16 GMT-0800 (Pacific Standard Time),1576198936032,"{""type"":""Feature"",""properties"":{""Datetime"":""2019-12-13T01:02:16.032Z"",""ID"":1576198936032,""Drawing Type"":""Bikeway"",""Is this an existing or proposed bikeway?"":""Existing"",""What kind of bikeway should this route be?"":""Class II Bicycle Lane"",""Comments"":"""",""Commenter Name"":""Patrick G"",""Commenter Jurisdiction"":""Toole Design""},""geometry"":{""type"":""LineString"",""coordinates"":[[-120.875401,37.533645],[-120.875713,37.533178],[-120.875927,37.532565],[-120.876045,37.531697],[-120.87612,37.530429],[-120.876088,37.529927]]}}"
undefined,Thu Dec 12 2019 17:23:15 GMT-0800 (Pacific Standard Time),1576200195832,"{""type"":""Feature"",""properties"":{""Datetime"":""2019-12-13T01:23:15.832Z"",""ID"":1576200195832,""Drawing Type"":""Bikeway"",""Is this an existing or proposed bikeway?"":""Existing"",""What kind of bikeway should this route be?"":""Class I Multi-Use Path"",""Comments"":"""",""Commenter Name"":""Patrick G"",""Commenter Jurisdiction"":""Toole Design""},""geometry"":{""type"":""LineString"",""coordinates"":[[-120.936191,37.580229],[-120.936223,37.586469],[-120.936213,37.58885],[-120.936186,37.589207],[-120.936223,37.591269],[-120.936213,37.594661],[-120.936218,37.594865],[-120.936255,37.59506],[-120.936218,37.595693],[-120.936288,37.597921],[-120.936272,37.601219],[-120.936229,37.60144],[-120.936255,37.603884],[-120.93625,37.607317],[-120.936266,37.608482],[-120.936196,37.608941],[-120.936095,37.609],[-120.932951,37.608996],[-120.931422,37.608979]]}}"
undefined,Thu Dec 12 2019 17:36:59 GMT-0800 (Pacific Standard Time),1576201019814,"{""type"":""Feature"",""properties"":{""Datetime"":""2019-12-13T01:36:59.814Z"",""ID"":1576201019814,""Drawing Type"":""Bikeway"",""Is this an existing or proposed bikeway?"":""Existing"",""What kind of bikeway should this route be?"":""Class II Bicycle Lane"",""Comments"":"""",""Commenter Name"":""Patrick G"",""Commenter Jurisdiction"":""Toole Design""},""geometry"":{""type"":""LineString"",""coordinates"":[[-121.05011,37.711325],[-121.035562,37.711495],[-121.022086,37.711122],[-121.005692,37.711257],[-120.958571,37.71102]]}}"
undefined,Thu Dec 12 2019 17:40:16 GMT-0800 (Pacific Standard Time),1576201216011,"{""type"":""Feature"",""properties"":{""Datetime"":""2019-12-13T01:40:16.011Z"",""ID"":1576201216011,""Drawing Type"":""Bikeway"",""Is this an existing or proposed bikeway?"":""Existing"",""What kind of bikeway should this route be?"":""Class II Bicycle Lane"",""Comments"":"""",""Commenter Name"":""Patrick G"",""Commenter Jurisdiction"":""Toole Design""},""geometry"":{""type"":""LineString"",""coordinates"":[[-121.031785,37.700562],[-121.031528,37.688066]]}}"
undefined,Thu Dec 12 2019 17:50:00 GMT-0800 (Pacific Standard Time),1576201800595,"{""type"":""Feature"",""properties"":{""Datetime"":""2019-12-13T01:50:00.595Z"",""ID"":1576201800595,""Drawing Type"":""Bikeway"",""Is this an existing or proposed bikeway?"":""Existing"",""What kind of bikeway should this route be?"":""Class I Multi-Use Path"",""Comments"":"""",""Commenter Name"":""Patrick G"",""Commenter Jurisdiction"":""Toole Design""},""geometry"":{""type"":""LineString"",""coordinates"":[[-120.921294,37.666833],[-120.921192,37.666765],[-120.92116,37.66609],[-120.921251,37.665729]]}}"
undefined,Thu Dec 12 2019 17:51:16 GMT-0800 (Pacific Standard Time),1576201876496,"{""type"":""Feature"",""properties"":{""Datetime"":""2019-12-13T01:51:16.496Z"",""ID"":1576201876496,""Drawing Type"":""Bikeway"",""Is this an existing or proposed bikeway?"":""Existing"",""What kind of bikeway should this route be?"":""Class IV Separated Bikeway"",""Comments"":""Two-way SBL"",""Commenter Name"":""Patrick G"",""Commenter Jurisdiction"":""Toole Design""},""geometry"":{""type"":""LineString"",""coordinates"":[[-120.921299,37.665682],[-120.921117,37.65549]]}}"
undefined,Thu Dec 12 2019 17:53:56 GMT-0800 (Pacific Standard Time),1576202036511,"{""type"":""Feature"",""properties"":{""Datetime"":""2019-12-13T01:53:56.511Z"",""ID"":1576202036511,""Drawing Type"":""Bikeway"",""Is this an existing or proposed bikeway?"":""Existing"",""What kind of bikeway should this route be?"":""Class I Multi-Use Path"",""Comments"":"""",""Commenter Name"":""Patrick G"",""Commenter Jurisdiction"":""Toole Design""},""geometry"":{""type"":""LineString"",""coordinates"":[[-121.014168,37.638636],[-121.014104,37.631431]]}}"
undefined,Thu Dec 12 2019 17:57:08 GMT-0800 (Pacific Standard Time),1576202228136,"{""type"":""Feature"",""properties"":{""Datetime"":""2019-12-13T01:57:08.136Z"",""ID"":1576202228136,""Drawing Type"":""Bikeway"",""What kind of bikeway should this route be?"":""Class II Buffered Bicycle Lane"",""Comments"":"""",""Commenter Name"":""Patrick G"",""Commenter Jurisdiction"":""Toole Design""},""geometry"":{""type"":""LineString"",""coordinates"":[[-121.030433,37.613212],[-121.030401,37.616475],[-121.03039,37.617605],[-121.030444,37.624327]]}}"
undefined,Thu Dec 12 2019 18:02:19 GMT-0800 (Pacific Standard Time),1576202539259,"{""type"":""Feature"",""properties"":{""Datetime"":""2019-12-13T02:02:19.259Z"",""ID"":1576202539259,""Drawing Type"":""Bikeway"",""Is this an existing or proposed bikeway?"":""Existing"",""What kind of bikeway should this route be?"":""Class II Bicycle Lane"",""Comments"":"""",""Commenter Name"":""Patrick G"",""Commenter Jurisdiction"":""Toole Design""},""geometry"":{""type"":""LineString"",""coordinates"":[[-121.159329,37.46447],[-121.159222,37.475999],[-121.159179,37.48058]]}}"
63.197.119.253,Mon Dec 16 2019 10:01:53 GMT-0800 (Pacific Standard Time),1576519313377,"{""type"":""Feature"",""properties"":{""Datetime"":""2019-12-16T18:01:53.377Z"",""ID"":1576519313377,""Drawing Type"":""Bikeway"",""Is this an existing or proposed bikeway?"":""Proposed"",""What kind of bikeway should this route be?"":""Class III Bicycle Route"",""Comments"":"""",""Commenter Name"":""Andrew Malizia"",""Commenter Jurisdiction"":""StanCo""},""geometry"":{""type"":""LineString"",""coordinates"":[[-120.99344,37.602128],[-121.004941,37.602298]]}}"
63.197.119.253,Mon Dec 16 2019 10:02:12 GMT-0800 (Pacific Standard Time),1576519332698,"{""type"":""Feature"",""properties"":{""Datetime"":""2019-12-16T18:02:12.698Z"",""ID"":1576519332698,""Drawing Type"":""Bikeway"",""Is this an existing or proposed bikeway?"":""Proposed"",""What kind of bikeway should this route be?"":""Class III Bicycle Route"",""Comments"":"""",""Commenter Name"":""Andrew Malizia"",""Commenter Jurisdiction"":""StanCo""},""geometry"":{""type"":""LineString"",""coordinates"":[[-121.002667,37.607126],[-121.002753,37.602281]]}}"
63.197.119.253,Mon Dec 16 2019 10:02:50 GMT-0800 (Pacific Standard Time),1576519370729,"{""type"":""Feature"",""properties"":{""Datetime"":""2019-12-16T18:02:50.729Z"",""ID"":1576519370729,""Drawing Type"":""Bikeway"",""Is this an existing or proposed bikeway?"":""Proposed"",""What kind of bikeway should this route be?"":""Class III Bicycle Route"",""Comments"":"""",""Commenter Name"":""Andrew Malizia"",""Commenter Jurisdiction"":""StanCo""},""geometry"":{""type"":""LineString"",""coordinates"":[[-120.994551,37.605732],[-121.002667,37.605622]]}}"
63.197.119.253,Mon Dec 16 2019 10:04:23 GMT-0800 (Pacific Standard Time),1576519463394,"{""type"":""Feature"",""properties"":{""Datetime"":""2019-12-16T18:04:23.394Z"",""ID"":1576519463394,""Drawing Type"":""Bikeway"",""Is this an existing or proposed bikeway?"":""Proposed"",""What kind of bikeway should this route be?"":""Class III Bicycle Route"",""Comments"":"""",""Commenter Name"":""Andrew Malizia"",""Commenter Jurisdiction"":""StanCo""},""geometry"":{""type"":""LineString"",""coordinates"":[[-120.799313,37.524448],[-120.796566,37.521708],[-120.803196,37.521691],[-120.803068,37.528974]]}}"
63.197.119.253,Mon Dec 16 2019 10:05:12 GMT-0800 (Pacific Standard Time),1576519512413,"{""type"":""Feature"",""properties"":{""Datetime"":""2019-12-16T18:05:12.413Z"",""ID"":1576519512413,""Drawing Type"":""Bikeway"",""What kind of bikeway should this route be?"":""Class III Bicycle Route"",""Comments"":""To Amtrak Station"",""Commenter Name"":""Andrew Malizia"",""Commenter Jurisdiction"":""StanCo""},""geometry"":{""type"":""LineString"",""coordinates"":[[-120.797639,37.527222],[-120.797403,37.527409],[-120.799452,37.529017],[-120.803068,37.528966]]}}"
63.197.119.253,Mon Dec 16 2019 10:05:51 GMT-0800 (Pacific Standard Time),1576519551580,"{""type"":""Feature"",""properties"":{""Datetime"":""2019-12-16T18:05:51.580Z"",""ID"":1576519551580,""Drawing Type"":""Bikeway"",""Is this an existing or proposed bikeway?"":""Proposed"",""What kind of bikeway should this route be?"":""Class III Bicycle Route"",""Comments"":"""",""Commenter Name"":""Andrew Malizia"",""Commenter Jurisdiction"":""StanCo""},""geometry"":{""type"":""LineString"",""coordinates"":[[-120.798315,37.52506],[-120.800418,37.52712],[-120.799495,37.527749],[-120.800675,37.528983]]}}"
63.197.119.253,Mon Dec 16 2019 10:07:21 GMT-0800 (Pacific Standard Time),1576519641078,"{""type"":""Feature"",""properties"":{""Datetime"":""2019-12-16T18:07:21.078Z"",""ID"":1576519641078,""Drawing Type"":""Bikeway"",""Is this an existing or proposed bikeway?"":""Proposed"",""What kind of bikeway should this route be?"":""Class III Bicycle Route"",""Comments"":"""",""Commenter Name"":""Andrew Malizia"",""Commenter Jurisdiction"":""StanCo""},""geometry"":{""type"":""LineString"",""coordinates"":[[-121.011786,37.613314],[-121.018567,37.613314],[-121.025562,37.613263],[-121.030412,37.613246]]}}"
63.197.119.253,Mon Dec 16 2019 10:07:57 GMT-0800 (Pacific Standard Time),1576519677054,"{""type"":""Feature"",""properties"":{""Datetime"":""2019-12-16T18:07:57.054Z"",""ID"":1576519677054,""Drawing Type"":""Bikeway"",""Is this an existing or proposed bikeway?"":""Proposed"",""What kind of bikeway should this route be?"":""Class III Bicycle Boulevard"",""Comments"":"""",""Commenter Name"":""Andrew Malizia"",""Commenter Jurisdiction"":""StanCo""},""geometry"":{""type"":""LineString"",""coordinates"":[[-121.023717,37.619857],[-121.02318,37.619398],[-121.023009,37.61894],[-121.023009,37.617002],[-121.022344,37.616203],[-121.022301,37.615931],[-121.022365,37.615421],[-121.022258,37.615081],[-121.022258,37.613229]]}}"
63.197.119.253,Mon Dec 16 2019 10:10:09 GMT-0800 (Pacific Standard Time),1576519809139,"{""type"":""Feature"",""properties"":{""Datetime"":""2019-12-16T18:10:09.139Z"",""ID"":1576519809139,""Drawing Type"":""Bikeway"",""Is this an existing or proposed bikeway?"":""Proposed"",""What kind of bikeway should this route be?"":""Class III Bicycle Route"",""Comments"":"""",""Commenter Name"":""Andrew Malizia"",""Commenter Jurisdiction"":""StanCo""},""geometry"":{""type"":""LineString"",""coordinates"":[[-120.967906,37.638211],[-120.967906,37.634031],[-120.968592,37.634048],[-120.968506,37.631431],[-120.968721,37.631006],[-120.968699,37.627267],[-120.966146,37.627301]]}}"
63.197.119.253,Mon Dec 16 2019 10:10:36 GMT-0800 (Pacific Standard Time),1576519836701,"{""type"":""Feature"",""properties"":{""Datetime"":""2019-12-16T18:10:36.701Z"",""ID"":1576519836701,""Drawing Type"":""Bikeway"",""Is this an existing or proposed bikeway?"":""Proposed"",""What kind of bikeway should this route be?"":""Class III Bicycle Route"",""Comments"":"""",""Commenter Name"":""Andrew Malizia"",""Commenter Jurisdiction"":""StanCo""},""geometry"":{""type"":""LineString"",""coordinates"":[[-120.968571,37.627267],[-120.968528,37.624837],[-120.966189,37.624531],[-120.966125,37.624344],[-120.966125,37.62256]]}}"
63.197.119.253,Mon Dec 16 2019 10:11:22 GMT-0800 (Pacific Standard Time),1576519882833,"{""type"":""Feature"",""properties"":{""Datetime"":""2019-12-16T18:11:22.833Z"",""ID"":1576519882833,""Drawing Type"":""Bikeway"",""Is this an existing or proposed bikeway?"":""Proposed"",""What kind of bikeway should this route be?"":""Class III Bicycle Route"",""Comments"":""Airport ATP"",""Commenter Name"":""Andrew Malizia"",""Commenter Jurisdiction"":""StanCo""},""geometry"":{""type"":""LineString"",""coordinates"":[[-120.974751,37.638194],[-120.974793,37.635458]]}}"
63.197.119.253,Mon Dec 16 2019 10:12:54 GMT-0800 (Pacific Standard Time),1576519974136,"{""type"":""Feature"",""properties"":{""Datetime"":""2019-12-16T18:12:54.136Z"",""ID"":1576519974136,""Drawing Type"":""Bikeway"",""Is this an existing or proposed bikeway?"":""Proposed"",""What kind of bikeway should this route be?"":""Class I Multi-Use Path"",""Comments"":""Airport ATP"",""Commenter Name"":""Andrew Malizia"",""Commenter Jurisdiction"":""StanCo""},""geometry"":{""type"":""LineString"",""coordinates"":[[-120.976494,37.634808],[-120.974761,37.634795],[-120.97356,37.63477],[-120.973104,37.634655],[-120.972723,37.634167],[-120.972551,37.633852],[-120.971991,37.632867],[-120.971709,37.632603],[-120.971017,37.63223],[-120.969912,37.631584],[-120.968539,37.631346]]}}"
63.197.119.253,Mon Dec 16 2019 10:16:59 GMT-0800 (Pacific Standard Time),1576520219050,"{""type"":""Feature"",""properties"":{""Datetime"":""2019-12-16T18:16:59.050Z"",""ID"":1576520219050,""Drawing Type"":""Bikeway"",""Is this an existing or proposed bikeway?"":""Proposed"",""What kind of bikeway should this route be?"":""Class I Multi-Use Path"",""Comments"":""Airport ATP"",""Commenter Name"":""Andrew Malizia"",""Commenter Jurisdiction"":""Stanco""},""geometry"":{""type"":""LineString"",""coordinates"":[[-120.966167,37.627318],[-120.966232,37.630139]]}}"
63.197.119.253,Mon Dec 16 2019 10:17:28 GMT-0800 (Pacific Standard Time),1576520248263,"{""type"":""Feature"",""properties"":{""Datetime"":""2019-12-16T18:17:28.263Z"",""ID"":1576520248263,""Drawing Type"":""Bikeway"",""Is this an existing or proposed bikeway?"":""Proposed"",""What kind of bikeway should this route be?"":""Class IV Separated Bikeway"",""Comments"":""Airport ATP"",""Commenter Name"":""Andrew Malizia"",""Commenter Jurisdiction"":""Stanco""},""geometry"":{""type"":""LineString"",""coordinates"":[[-120.968517,37.63132],[-120.967616,37.631201],[-120.966489,37.630658],[-120.966264,37.63042],[-120.966253,37.630114]]}}"
63.197.119.253,Mon Dec 16 2019 10:17:47 GMT-0800 (Pacific Standard Time),1576520267036,"{""type"":""Feature"",""properties"":{""Datetime"":""2019-12-16T18:17:47.036Z"",""ID"":1576520267036,""Drawing Type"":""Bikeway"",""Is this an existing or proposed bikeway?"":""Proposed"",""What kind of bikeway should this route be?"":""Class IV Separated Bikeway"",""Comments"":""Airport ATP"",""Commenter Name"":""Andrew Malizia"",""Commenter Jurisdiction"":""StanCo""},""geometry"":{""type"":""LineString"",""coordinates"":[[-120.966189,37.627267],[-120.96621,37.624557]]}}"
71.93.58.34,Mon Dec 16 2019 11:50:59 GMT-0800 (Pacific Standard Time),1576525859309,"{""type"":""Feature"",""properties"":{""Datetime"":""2019-12-16T19:50:59.309Z"",""ID"":1576525859309,""Drawing Type"":""CompleteStreets"",""Is this an existing or proposed bikeway?"":""Proposed"",""Comments"":""proposed project to widen the south side of the road and install 10 foot wide sidewalk"",""Commenter Name"":""Daniel P"",""Commenter Jurisdiction"":""Ceres""},""geometry"":{""type"":""LineString"",""coordinates"":[[-120.93632,37.594767],[-120.9269,37.594784]]}}"
71.93.58.34,Mon Dec 16 2019 11:53:37 GMT-0800 (Pacific Standard Time),1576526017361,"{""type"":""Feature"",""properties"":{""Datetime"":""2019-12-16T19:53:37.361Z"",""ID"":1576526017361,""Drawing Type"":""Bikeway"",""Is this an existing or proposed bikeway?"":""Existing"",""What kind of bikeway should this route be?"":""Class II Bicycle Lane"",""Comments"":""completed in October 2019"",""Commenter Name"":""Daniel P"",""Commenter Jurisdiction"":""Ceres""},""geometry"":{""type"":""LineString"",""coordinates"":[[-120.925162,37.602009],[-120.925248,37.600972],[-120.926106,37.599918],[-120.926707,37.599136],[-120.926878,37.598218],[-120.926836,37.594818]]}}"
50.226.52.194,Thu Dec 19 2019 09:00:44 GMT-0800 (Pacific Standard Time),1576774844423,"{""type"":""Feature"",""properties"":{""Datetime"":""2019-12-19T17:00:44.423Z"",""ID"":1576774844423,""Drawing Type"":""Bikeway"",""Is this an existing or proposed bikeway?"":""Proposed"",""What kind of bikeway should this route be?"":""Class II Bicycle Lane"",""Comments"":""This project proposes bicycle and pedestrian improvements along the west side of Ward Avenue between Sunset Court and Heartland Ranch Avenue."",""Commenter Name"":""Kumar Somasundaram"",""Commenter Jurisdiction"":""City of Patterson""},""geometry"":{""type"":""LineString"",""coordinates"":[[-121.140924,37.474386],[-121.140962,37.472278]]}}"